{"metadata":{"language":"en-US","transaction_id":"1473101493149:2144292196","version":"1","latitude":40.43,"longitude":-79.97,"units":"e","expire_time_gmt":1473102851,"status_code":200},"forecasts":[{"class":"fod_long_range_daily","expire_time_gmt":1473102851,"fcst_valid":1473073200,"fcst_valid_local":"2016-09-05T07:00:00-0400","num":1,"max_temp":86,"min_temp":61,"torcon":null,"stormcon":null,"blurb":null,"blurb_author":null,"lunar_phase_day":4,"dow":"Monday","lunar_phase":"Waxing Crescent","lunar_phase_code":"WXC","sunrise":"2016-09-05T06:51:20-0400","sunset":"2016-09-05T19:44:41-0400","moonrise":"2016-09-05T10:48:59-0400","moonset":"2016-09-05T22:05:56-0400","qualifier_code":null,"qualifier":null,"narrative":"Heavy Thunder Storms. Highs in the mid 80s and lows in the low 60s.","qpf":4,"snow_qpf":0,"snow_range":"","snow_phrase":"","snow_code":"","night":{"fcst_valid":1473116400,"fcst_valid_local":"2016-09-05T19:00:00-0400","day_ind":"N","thunder_enum":0,"daypart_name":"Tonight","long_daypart_name":"Monday night","alt_daypart_name":"Tonight","thunder_enum_phrase":"No thunder","num":2,"temp":61,"hi":83,"wc":63,"pop":10,"icon_extd":3100,"icon_code":31,"wxman":"wx1500","phrase_12char":"Clear","phrase_22char":"Clear","phrase_32char":"Clear","subphrase_pt1":"Clear","subphrase_pt2":"","subphrase_pt3":"","precip_type":"rain","rh":67,"wspd":5,"wdir":271,"wdir_cardinal":"W","clds":1,"pop_phrase":"","temp_phrase":"Low 61F.","accumulation_phrase":"","wind_phrase":"Winds light and variable.","shortcast":"Mainly clear","narrative":"A clear sky. Low 61F. Winds light and variable.","qpf":0,"snow_qpf":0,"snow_range":"","snow_phrase":"","snow_code":"","vocal_key":"D2:DA02:X3200320021:S320021:TL61:W9902","qualifier_code":null,"qualifier":null,"uv_index_raw":0,"uv_index":0,"uv_warning":0,"uv_desc":"Low","golf_index":null,"golf_category":""},"day":{"fcst_valid":1473073200,"fcst_valid_local":"2016-09-05T07:00:00-0400","day_ind":"D","thunder_enum":0,"daypart_name":"Today","long_daypart_name":"Monday","alt_daypart_name":"This afternoon","thunder_enum_phrase":"No thunder","num":1,"temp":86,"hi":85,"wc":84,"pop":90,"icon_extd":3200,"icon_code":32,"wxman":"wx1000","phrase_12char":"Sunny","phrase_22char":"Sunny","phrase_32char":"Sunny","subphrase_pt1":"Sunny","subphrase_pt2":"","subphrase_pt3":"","precip_type":"rain","rh":37,"wspd":3,"wdir":258,"wdir_cardinal":"WSW","clds":5,"pop_phrase":"","temp_phrase":"High 86F.","accumulation_phrase":"","wind_phrase":"Winds light and variable.","shortcast":"Mainly sunny","narrative":"Sunny. High 86F. Winds light and variable.","qpf":0,"snow_qpf":0,"snow_range":"","snow_phrase":"","snow_code":"","vocal_key":"D1:DA18:X3200320011:S320011:TH86:W9902","qualifier_code":null,"qualifier":null,"uv_index_raw":7.14,"uv_index":7,"uv_warning":0,"uv_desc":"High","golf_index":8,"golf_category":"Very Good"}},{"class":"fod_long_range_daily","expire_time_gmt":1473102851,"fcst_valid":1473159600,"fcst_valid_local":"2016-09-06T07:00:00-0400","num":2,"max_temp":88,"min_temp":70,"torcon":null,"stormcon":null,"blurb":null,"blurb_author":null,"lunar_phase_day":5,"dow":"Tuesday","lunar_phase":"Waxing Crescent","lunar_phase_code":"WXC","sunrise":"2016-09-06T06:52:18-0400","sunset":"2016-09-06T19:43:03-0400","moonrise":"2016-09-06T11:45:12-0400","moonset":"2016-09-06T22:38:31-0400","qualifier_code":null,"qualifier":null,"narrative":"Mix of sun and clouds. Highs in the upper 80s and lows in the low 70s.","qpf":0,"snow_qpf":0,"snow_range":"","snow_phrase":"","snow_code":"","night":{"fcst_valid":1473202800,"fcst_valid_local":"2016-09-06T19:00:00-0400","day_ind":"N","thunder_enum":0,"daypart_name":"Tomorrow night","long_daypart_name":"Tuesday night","alt_daypart_name":"Tuesday night","thunder_enum_phrase":"No thunder","num":4,"temp":70,"hi":87,"wc":71,"pop":20,"icon_extd":2900,"icon_code":29,"wxman":"wx1600","phrase_12char":"P Cloudy","phrase_22char":"Partly Cloudy","phrase_32char":"Partly Cloudy","subphrase_pt1":"Partly","subphrase_pt2":"Cloudy","subphrase_pt3":"","precip_type":"rain","rh":76,"wspd":6,"wdir":247,"wdir_cardinal":"WSW","clds":37,"pop_phrase":"","temp_phrase":"Low around 70F.","accumulation_phrase":"","wind_phrase":"Winds WSW at 5 to 10 mph.","shortcast":"Partly cloudy","narrative":"Partly cloudy skies. Low around 70F. Winds WSW at 5 to 10 mph.","qpf":0,"snow_qpf":0,"snow_range":"","snow_phrase":"","snow_code":"","vocal_key":"D4:DA09:X3000300041:S300042:TL70:W11R02","qualifier_code":null,"qualifier":null,"uv_index_raw":0,"uv_index":0,"uv_warning":0,"uv_desc":"Low","golf_index":null,"golf_category":""},"day":{"fcst_valid":1473159600,"fcst_valid_local":"2016-09-06T07:00:00-0400","day_ind":"D","thunder_enum":0,"daypart_name":"Tomorrow","long_daypart_name":"Tuesday","alt_daypart_name":"Tuesday","thunder_enum_phrase":"No thunder","num":3,"temp":88,"hi":89,"wc":62,"pop":20,"icon_extd":3000,"icon_code":30,"wxman":"wx1100","phrase_12char":"P Cloudy","phrase_22char":"Partly Cloudy","phrase_32char":"Partly Cloudy","subphrase_pt1":"Partly","subphrase_pt2":"Cloudy","subphrase_pt3":"","precip_type":"rain","rh":59,"wspd":7,"wdir":261,"wdir_cardinal":"W","clds":30,"pop_phrase":"","temp_phrase":"High 88F.","accumulation_phrase":"","wind_phrase":"Winds W at 5 to 10 mph.","shortcast":"Times of sun and clouds","narrative":"Sunshine and clouds mixed. High 88F. Winds W at 5 to 10 mph.","qpf":0,"snow_qpf":0,"snow_range":"","snow_phrase":"","snow_code":"","vocal_key":"D3:DA08:X3000300034:S300033:TH88:W12R02","qualifier_code":null,"qualifier":null,"uv_index_raw":7.3,"uv_index":7,"uv_warning":0,"uv_desc":"High","golf_index":8,"golf_category":"Very Good"}},{"class":"fod_long_range_daily","expire_time_gmt":1473102851,"fcst_valid":1473246000,"fcst_valid_local":"2016-09-07T07:00:00-0400","num":3,"max_temp":90,"min_temp":72,"torcon":null,"stormcon":null,"blurb":null,"blurb_author":null,"lunar_phase_day":6,"dow":"Wednesday","lunar_phase":"Waxing Crescent","lunar_phase_code":"WXC","sunrise":"2016-09-07T06:53:16-0400","sunset":"2016-09-07T19:41:25-0400","moonrise":"2016-09-07T12:40:08-0400","moonset":"2016-09-07T23:14:22-0400","qualifier_code":null,"qualifier":null,"narrative":"Times of sun and clouds. Highs in the low 90s and lows in the low 70s.","qpf":0.05,"snow_qpf":0,"snow_range":"","snow_phrase":"","snow_code":"","night":{"fcst_valid":1473289200,"fcst_valid_local":"2016-09-07T19:00:00-0400","day_ind":"N","thunder_enum":2,"daypart_name":"Wednesday night","long_daypart_name":"Wednesday night","alt_daypart_name":"Wednesday night","thunder_enum_phrase":"Thunder expected","num":6,"temp":72,"hi":90,"wc":73,"pop":50,"icon_extd":3809,"icon_code":47,"wxman":"wx2000","phrase_12char":"Sct T-Storms","phrase_22char":"Sct Thunderstorms","phrase_32char":"Scattered Thunderstorms","subphrase_pt1":"Scattered","subphrase_pt2":"T-Storms","subphrase_pt3":"","precip_type":"rain","rh":75,"wspd":7,"wdir":214,"wdir_cardinal":"SW","clds":32,"pop_phrase":"Chance of rain 50%.","temp_phrase":"Low 72F.","accumulation_phrase":"","wind_phrase":"Winds SW at 5 to 10 mph.","shortcast":"Scattered thunderstorms","narrative":"Partly to mostly cloudy with a chance of thunderstorms. Low 72F. Winds SW at 5 to 10 mph. Chance of rain 50%.","qpf":0.05,"snow_qpf":0,"snow_range":"","snow_phrase":"","snow_code":"","vocal_key":"D6:DA11:X3700380044:S380041:TL72:W10R02:P9051","qualifier_code":null,"qualifier":null,"uv_index_raw":0,"uv_index":0,"uv_warning":0,"uv_desc":"Low","golf_index":null,"golf_category":""},"day":{"fcst_valid":1473246000,"fcst_valid_local":"2016-09-07T07:00:00-0400","day_ind":"D","thunder_enum":1,"daypart_name":"Wednesday","long_daypart_name":"Wednesday","alt_daypart_name":"Wednesday","thunder_enum_phrase":"Thunder possible","num":5,"temp":90,"hi":95,"wc":71,"pop":20,"icon_extd":3000,"icon_code":30,"wxman":"wx1130","phrase_12char":"P Cloudy","phrase_22char":"Partly Cloudy","phrase_32char":"Partly Cloudy","subphrase_pt1":"Partly","subphrase_pt2":"Cloudy","subphrase_pt3":"","precip_type":"rain","rh":66,"wspd":8,"wdir":251,"wdir_cardinal":"WSW","clds":36,"pop_phrase":"","temp_phrase":"High near 90F.","accumulation_phrase":"","wind_phrase":"Winds WSW at 5 to 10 mph.","shortcast":"Times of sun and clouds","narrative":"Intervals of clouds and sunshine. A stray shower or thunderstorm is possible. High near 90F. Winds WSW at 5 to 10 mph.","qpf":0,"snow_qpf":0,"snow_range":"","snow_phrase":"","snow_code":"","vocal_key":"D5:DA10:X3000300031:S300033:Q8001:TH90:W11R02","qualifier_code":null,"qualifier":"A stray shower or thunderstorm is possible.","uv_index_raw":7.22,"uv_index":7,"uv_warning":0,"uv_desc":"High","golf_index":8,"golf_category":"Very Good"}},{"class":"fod_long_range_daily","expire_time_gmt":1473102851,"fcst_valid":1473332400,"fcst_valid_local":"2016-09-08T07:00:00-0400","num":4,"max_temp":91,"min_temp":71,"torcon":null,"stormcon":null,"blurb":null,"blurb_author":null,"lunar_phase_day":6,"dow":"Thursday","lunar_phase":"Waxing Crescent","lunar_phase_code":"WXC","sunrise":"2016-09-08T06:54:15-0400","sunset":"2016-09-08T19:39:46-0400","moonrise":"2016-09-08T13:35:07-0400","moonset":"2016-09-08T23:53:38-0400","qualifier_code":null,"qualifier":null,"narrative":"More clouds than sun. Highs in the low 90s and lows in the low 70s.","qpf":0.16,"snow_qpf":0,"snow_range":"","snow_phrase":"","snow_code":"","night":{"fcst_valid":1473375600,"fcst_valid_local":"2016-09-08T19:00:00-0400","day_ind":"N","thunder_enum":2,"daypart_name":"Thursday night","long_daypart_name":"Thursday night","alt_daypart_name":"Thursday night","thunder_enum_phrase":"Thunder expected","num":8,"temp":71,"hi":88,"wc":72,"pop":60,"icon_extd":6200,"icon_code":47,"wxman":"wx6500","phrase_12char":"T-Storms","phrase_22char":"Thunderstorms Early","phrase_32char":"Thunderstorms Early","subphrase_pt1":"T-Storms","subphrase_pt2":"Early","subphrase_pt3":"","precip_type":"rain","rh":81,"wspd":10,"wdir":230,"wdir_cardinal":"SW","clds":58,"pop_phrase":"Chance of rain 60%.","temp_phrase":"Low 71F.","accumulation_phrase":"","wind_phrase":"Winds SW at 10 to 15 mph.","shortcast":"Thunderstorms early","narrative":"Scattered thunderstorms in the evening. Partly cloudy skies overnight. Low 71F. Winds SW at 10 to 15 mph. Chance of rain 60%.","qpf":0.16,"snow_qpf":0,"snow_range":"","snow_phrase":"","snow_code":"","vocal_key":"D8:DA13:X3800300042:S620042:TL71:W10R03:P9061","qualifier_code":null,"qualifier":null,"uv_index_raw":0,"uv_index":0,"uv_warning":0,"uv_desc":"Low","golf_index":null,"golf_category":""},"day":{"fcst_valid":1473332400,"fcst_valid_local":"2016-09-08T07:00:00-0400","day_ind":"D","thunder_enum":1,"daypart_name":"Thursday","long_daypart_name":"Thursday","alt_daypart_name":"Thursday","thunder_enum_phrase":"Thunder possible","num":7,"temp":91,"hi":94,"wc":73,"pop":20,"icon_extd":2800,"icon_code":28,"wxman":"wx1230","phrase_12char":"M Cloudy","phrase_22char":"Mostly Cloudy","phrase_32char":"Mostly Cloudy","subphrase_pt1":"Mostly","subphrase_pt2":"Cloudy","subphrase_pt3":"","precip_type":"rain","rh":62,"wspd":13,"wdir":224,"wdir_cardinal":"SW","clds":51,"pop_phrase":"","temp_phrase":"High 91F.","accumulation_phrase":"","wind_phrase":"Winds SW at 10 to 20 mph.","shortcast":"More clouds than sun","narrative":"A mix of clouds and sun early, then becoming cloudy later in the day. A stray shower or thunderstorm is possible. High 91F. Winds SW at 10 to 20 mph.","qpf":0,"snow_qpf":0,"snow_range":"","snow_phrase":"","snow_code":"","vocal_key":"D7:DA12:X3000260033:S280033:Q8001:TH91:W10R04","qualifier_code":null,"qualifier":"A stray shower or thunderstorm is possible.","uv_index_raw":7.14,"uv_index":7,"uv_warning":0,"uv_desc":"High","golf_index":8,"golf_category":"Very Good"}}]}
