{"metadata":{"language":"en-US","transaction_id":"1472747686131:1053639382","version":"1","latitude":40.43,"longitude":-79.97,"units":"e","expire_time_gmt":1472748096,"status_code":200},"forecasts":[{"class":"fod_long_range_daily","expire_time_gmt":1472748096,"fcst_valid":1472727600,"fcst_valid_local":"2016-09-01T07:00:00-0400","num":1,"max_temp":76,"min_temp":56,"torcon":null,"stormcon":null,"blurb":null,"blurb_author":null,"lunar_phase_day":0,"dow":"Thursday","lunar_phase":"New Moon","lunar_phase_code":"N","sunrise":"2016-09-01T06:47:24-0400","sunset":"2016-09-01T19:50:59-0400","moonrise":"2016-09-01T06:57:42-0400","moonset":"2016-09-01T20:04:48-0400","qualifier_code":null,"qualifier":null,"narrative":"Times of sun and clouds. Highs in the mid 70s and lows in the mid 50s.","qpf":0,"snow_qpf":0,"snow_range":"","snow_phrase":"","snow_code":"","night":{"fcst_valid":1472770800,"fcst_valid_local":"2016-09-01T19:00:00-0400","day_ind":"N","thunder_enum":0,"daypart_name":"Tonight","long_daypart_name":"Thursday night","alt_daypart_name":"Tonight","thunder_enum_phrase":"No thunder","num":2,"temp":56,"hi":73,"wc":57,"pop":10,"icon_extd":2900,"icon_code":29,"wxman":"wx1600","phrase_12char":"P Cloudy","phrase_22char":"Partly Cloudy","phrase_32char":"Partly Cloudy","subphrase_pt1":"Partly","subphrase_pt2":"Cloudy","subphrase_pt3":"","precip_type":"rain","rh":67,"wspd":10,"wdir":1,"wdir_cardinal":"N","clds":13,"pop_phrase":"","temp_phrase":"Low 56F.","accumulation_phrase":"","wind_phrase":"Winds N at 10 to 15 mph.","shortcast":"Partly cloudy","narrative":"Partly cloudy skies. Low 56F. Winds N at 10 to 15 mph.","qpf":0,"snow_qpf":0,"snow_range":"","snow_phrase":"","snow_code":"","vocal_key":"D2:DA02:X3000320021:S300021:TL56:W16R03","qualifier_code":null,"qualifier":null,"uv_index_raw":0,"uv_index":0,"uv_warning":0,"uv_desc":"Low","golf_index":null,"golf_category":""},"day":{"fcst_valid":1472727600,"fcst_valid_local":"2016-09-01T07:00:00-0400","day_ind":"D","thunder_enum":0,"daypart_name":"Today","long_daypart_name":"Thursday","alt_daypart_name":"Today","thunder_enum_phrase":"No thunder","num":1,"temp":76,"hi":76,"wc":74,"pop":0,"icon_extd":3000,"icon_code":30,"wxman":"wx1100","phrase_12char":"P Cloudy","phrase_22char":"Partly Cloudy","phrase_32char":"Partly Cloudy","subphrase_pt1":"Partly","subphrase_pt2":"Cloudy","subphrase_pt3":"","precip_type":"rain","rh":52,"wspd":9,"wdir":352,"wdir_cardinal":"N","clds":57,"pop_phrase":"","temp_phrase":"High 76F.","accumulation_phrase":"","wind_phrase":"Winds N at 5 to 10 mph.","shortcast":"Times of sun and clouds","narrative":"Sunshine and clouds mixed. High 76F. Winds N at 5 to 10 mph.","qpf":0,"snow_qpf":0,"snow_range":"","snow_phrase":"","snow_code":"","vocal_key":"D1:DA01:X3000300012:S300013:TH76:W16R02","qualifier_code":null,"qualifier":null,"uv_index_raw":7.09,"uv_index":7,"uv_warning":0,"uv_desc":"High","golf_index":10,"golf_category":"Excellent"}},{"class":"fod_long_range_daily","expire_time_gmt":1472748096,"fcst_valid":1472814000,"fcst_valid_local":"2016-09-02T07:00:00-0400","num":2,"max_temp":78,"min_temp":58,"torcon":null,"stormcon":null,"blurb":null,"blurb_author":null,"lunar_phase_day":1,"dow":"Friday","lunar_phase":"Waxing Crescent","lunar_phase_code":"WXC","sunrise":"2016-09-02T06:48:22-0400","sunset":"2016-09-02T19:49:23-0400","moonrise":"2016-09-02T07:57:13-0400","moonset":"2016-09-02T20:35:25-0400","qualifier_code":null,"qualifier":null,"narrative":"Mostly sunny. Highs in the upper 70s and lows in the upper 50s.","qpf":0,"snow_qpf":0,"snow_range":"","snow_phrase":"","snow_code":"","night":{"fcst_valid":1472857200,"fcst_valid_local":"2016-09-02T19:00:00-0400","day_ind":"N","thunder_enum":0,"daypart_name":"Tomorrow night","long_daypart_name":"Friday night","alt_daypart_name":"Friday night","thunder_enum_phrase":"No thunder","num":4,"temp":58,"hi":74,"wc":59,"pop":10,"icon_extd":3300,"icon_code":33,"wxman":"wx1500","phrase_12char":"M Clear","phrase_22char":"Mostly Clear","phrase_32char":"Mostly Clear","subphrase_pt1":"Mostly","subphrase_pt2":"Clear","subphrase_pt3":"","precip_type":"rain","rh":65,"wspd":7,"wdir":49,"wdir_cardinal":"NE","clds":23,"pop_phrase":"","temp_phrase":"Low 58F.","accumulation_phrase":"","wind_phrase":"Winds NE at 5 to 10 mph.","shortcast":"Mostly clear","narrative":"Mostly clear skies. Low 58F. Winds NE at 5 to 10 mph.","qpf":0,"snow_qpf":0,"snow_range":"","snow_phrase":"","snow_code":"","vocal_key":"D4:DA15:X3400300042:S340044:TL58:W02R02","qualifier_code":null,"qualifier":null,"uv_index_raw":0,"uv_index":0,"uv_warning":0,"uv_desc":"Low","golf_index":null,"golf_category":""},"day":{"fcst_valid":1472814000,"fcst_valid_local":"2016-09-02T07:00:00-0400","day_ind":"D","thunder_enum":0,"daypart_name":"Tomorrow","long_daypart_name":"Friday","alt_daypart_name":"Friday","thunder_enum_phrase":"No thunder","num":3,"temp":78,"hi":77,"wc":57,"pop":10,"icon_extd":3400,"icon_code":34,"wxman":"wx1000","phrase_12char":"M Sunny","phrase_22char":"Mostly Sunny","phrase_32char":"Mostly Sunny","subphrase_pt1":"Mostly","subphrase_pt2":"Sunny","subphrase_pt3":"","precip_type":"rain","rh":58,"wspd":8,"wdir":41,"wdir_cardinal":"NE","clds":12,"pop_phrase":"","temp_phrase":"High 78F.","accumulation_phrase":"","wind_phrase":"Winds NE at 5 to 10 mph.","shortcast":"Plenty of sun","narrative":"Plentiful sunshine. High 78F. Winds NE at 5 to 10 mph.","qpf":0,"snow_qpf":0,"snow_range":"","snow_phrase":"","snow_code":"","vocal_key":"D3:DA14:X3200340032:S340033:TH78:W02R02","qualifier_code":null,"qualifier":null,"uv_index_raw":7.63,"uv_index":8,"uv_warning":0,"uv_desc":"Very High","golf_index":9,"golf_category":"Very Good"}},{"class":"fod_long_range_daily","expire_time_gmt":1472748096,"fcst_valid":1472900400,"fcst_valid_local":"2016-09-03T07:00:00-0400","num":3,"max_temp":80,"min_temp":59,"torcon":null,"stormcon":null,"blurb":null,"blurb_author":null,"lunar_phase_day":2,"dow":"Saturday","lunar_phase":"Waxing Crescent","lunar_phase_code":"WXC","sunrise":"2016-09-03T06:49:21-0400","sunset":"2016-09-03T19:47:48-0400","moonrise":"2016-09-03T08:55:19-0400","moonset":"2016-09-03T21:05:29-0400","qualifier_code":null,"qualifier":null,"narrative":"Sunny. Highs in the low 80s and lows in the upper 50s.","qpf":0,"snow_qpf":0,"snow_range":"","snow_phrase":"","snow_code":"","night":{"fcst_valid":1472943600,"fcst_valid_local":"2016-09-03T19:00:00-0400","day_ind":"N","thunder_enum":0,"daypart_name":"Saturday night","long_daypart_name":"Saturday night","alt_daypart_name":"Saturday night","thunder_enum_phrase":"No thunder","num":6,"temp":59,"hi":75,"wc":60,"pop":10,"icon_extd":2900,"icon_code":29,"wxman":"wx1600","phrase_12char":"P Cloudy","phrase_22char":"Partly Cloudy","phrase_32char":"Partly Cloudy","subphrase_pt1":"Partly","subphrase_pt2":"Cloudy","subphrase_pt3":"","precip_type":"rain","rh":71,"wspd":6,"wdir":50,"wdir_cardinal":"NE","clds":37,"pop_phrase":"","temp_phrase":"Low 59F.","accumulation_phrase":"","wind_phrase":"Winds NE at 5 to 10 mph.","shortcast":"Partly cloudy","narrative":"A few clouds from time to time. Low 59F. Winds NE at 5 to 10 mph.","qpf":0,"snow_qpf":0,"snow_range":"","snow_phrase":"","snow_code":"","vocal_key":"D6:DA17:X3000300042:S300043:TL59:W02R02","qualifier_code":null,"qualifier":null,"uv_index_raw":0,"uv_index":0,"uv_warning":0,"uv_desc":"Low","golf_index":null,"golf_category":""},"day":{"fcst_valid":1472900400,"fcst_valid_local":"2016-09-03T07:00:00-0400","day_ind":"D","thunder_enum":0,"daypart_name":"Saturday","long_daypart_name":"Saturday","alt_daypart_name":"Saturday","thunder_enum_phrase":"No thunder","num":5,"temp":80,"hi":79,"wc":59,"pop":10,"icon_extd":3200,"icon_code":32,"wxman":"wx1000","phrase_12char":"Sunny","phrase_22char":"Sunny","phrase_32char":"Sunny","subphrase_pt1":"Sunny","subphrase_pt2":"","subphrase_pt3":"","precip_type":"rain","rh":56,"wspd":7,"wdir":63,"wdir_cardinal":"ENE","clds":11,"pop_phrase":"","temp_phrase":"High around 80F.","accumulation_phrase":"","wind_phrase":"Winds ENE at 5 to 10 mph.","shortcast":"Abundant sunshine","narrative":"Abundant sunshine. High around 80F. Winds ENE at 5 to 10 mph.","qpf":0,"snow_qpf":0,"snow_range":"","snow_phrase":"","snow_code":"","vocal_key":"D5:DA16:X3400320033:S320033:TH80:W03R02","qualifier_code":null,"qualifier":null,"uv_index_raw":7.55,"uv_index":8,"uv_warning":0,"uv_desc":"Very High","golf_index":9,"golf_category":"Very Good"}},{"class":"fod_long_range_daily","expire_time_gmt":1472748096,"fcst_valid":1472986800,"fcst_valid_local":"2016-09-04T07:00:00-0400","num":4,"max_temp":80,"min_temp":57,"torcon":null,"stormcon":null,"blurb":null,"blurb_author":null,"lunar_phase_day":3,"dow":"Sunday","lunar_phase":"Waxing Crescent","lunar_phase_code":"WXC","sunrise":"2016-09-04T06:50:19-0400","sunset":"2016-09-04T19:46:11-0400","moonrise":"2016-09-04T09:52:41-0400","moonset":"2016-09-04T21:35:29-0400","qualifier_code":null,"qualifier":null,"narrative":"Times of sun and clouds. Highs in the low 80s and lows in the upper 50s.","qpf":0,"snow_qpf":0,"snow_range":"","snow_phrase":"","snow_code":"","night":{"fcst_valid":1473030000,"fcst_valid_local":"2016-09-04T19:00:00-0400","day_ind":"N","thunder_enum":0,"daypart_name":"Sunday night","long_daypart_name":"Sunday night","alt_daypart_name":"Sunday night","thunder_enum_phrase":"No thunder","num":8,"temp":57,"hi":74,"wc":58,"pop":10,"icon_extd":3300,"icon_code":33,"wxman":"wx1500","phrase_12char":"M Clear","phrase_22char":"Mostly Clear","phrase_32char":"Mostly Clear","subphrase_pt1":"Mostly","subphrase_pt2":"Clear","subphrase_pt3":"","precip_type":"rain","rh":69,"wspd":5,"wdir":14,"wdir_cardinal":"NNE","clds":8,"pop_phrase":"","temp_phrase":"Low 57F.","accumulation_phrase":"","wind_phrase":"Winds light and variable.","shortcast":"Mostly clear","narrative":"A mostly clear sky. Low 57F. Winds light and variable.","qpf":0,"snow_qpf":0,"snow_range":"","snow_phrase":"","snow_code":"","vocal_key":"D8:DA05:X3400320043:S340042:TL57:W9902","qualifier_code":null,"qualifier":null,"uv_index_raw":0,"uv_index":0,"uv_warning":0,"uv_desc":"Low","golf_index":null,"golf_category":""},"day":{"fcst_valid":1472986800,"fcst_valid_local":"2016-09-04T07:00:00-0400","day_ind":"D","thunder_enum":0,"daypart_name":"Sunday","long_daypart_name":"Sunday","alt_daypart_name":"Sunday","thunder_enum_phrase":"No thunder","num":7,"temp":80,"hi":79,"wc":60,"pop":10,"icon_extd":3000,"icon_code":30,"wxman":"wx1100","phrase_12char":"P Cloudy","phrase_22char":"Partly Cloudy","phrase_32char":"Partly Cloudy","subphrase_pt1":"Partly","subphrase_pt2":"Cloudy","subphrase_pt3":"","precip_type":"rain","rh":59,"wspd":7,"wdir":6,"wdir_cardinal":"N","clds":44,"pop_phrase":"","temp_phrase":"High around 80F.","accumulation_phrase":"","wind_phrase":"Winds N at 5 to 10 mph.","shortcast":"Mix of sun and clouds","narrative":"Partly cloudy skies. High around 80F. Winds N at 5 to 10 mph.","qpf":0,"snow_qpf":0,"snow_range":"","snow_phrase":"","snow_code":"","vocal_key":"D7:DA04:X3000300032:S300032:TH80:W16R02","qualifier_code":null,"qualifier":null,"uv_index_raw":7.47,"uv_index":7,"uv_warning":0,"uv_desc":"High","golf_index":9,"golf_category":"Very Good"}}]}
